species	accession	prefix	source	total_bases	n_bases	lower_bases	lower_frac_of_acgt	n_frac
Homo_sapiens	GCA_000001405.27	GCA	hal	3099750718	153901651	1047708339	0.355656	0.049650
Homo_sapiens	GCA_000001405.27	GCA	ncbi_datasets	3257347282	161368591	1175834817	0.379794	0.049540
Ceratotherium_simum	GCF_000283155.1	GCF	hal	2464350348	97509168	1273461078	0.538042	0.039568
Ceratotherium_simum	GCF_000283155.1	GCF	ncbi_datasets	2464367180	97509168	699666182	0.295610	0.039568
Petromus_typicus	GCA_004026965.1	GCA	hal	2389366989	964500	893221429	0.373983	0.000404
Petromus_typicus	GCA_004026965.1	GCA	ncbi_datasets	2389366989	964500	812216033	0.340067	0.000404
Mus_musculus	GCF_000001635.26	GCF	hal	2818974548	79435853	1499724789	0.547437	0.028179
Mus_musculus	GCF_000001635.26	GCF	ncbi_datasets	2818974548	79435791	997395158	0.364074	0.028179
